{"-1,-1,-1,-1":[38.41559993476102,37.65002795012376,37.38483694531514],"0,0,-1,-1":[37.62498572562567,37.80332356260869,37.3046709762896],"0,0,0,0":[34.070528769574345,34.641914478399805,33.874618288072924],"0,0,-1,0":[37.49471434416808,37.72852866958,36.31603666094973],"0,-1,-1,-1":[38.07277667405897,37.41500326267591,37.87683622071364],"-1,0,-1,-1":[38.051726923441535,37.90970644063301,37.293556977524595],"0,0,0,-1":[37.28014175378364,36.78736188762118,37.57500486223731],"0,-1,0,-1":[35.51195704245981,35.42196427040668,37.84970557040712],"-1,0,-1,0":[36.803399265972836,37.93584887730367,36.343739000290775],"-1,-1,0,-1":[17.326632163377663,23.714711979348117,37.54300608700161],"-1,-1,-1,0":[33.45157506696106,37.89368395744174,33.56173243769651],"-1,-1,0,0":[3.8973901965290025,7.788651280752156,22.37450751169544],"0,-1,0,0":[1.488747275090645,19.456561890876525,7.225236475305854],"-1,0,0,0":[1.998090897118808,7.814518157457918,26.485809153258685]}